{
  "accuracy": [
    0.7617328763008118,
    0.916967511177063,
    0.9510056972503662,
    0.968024730682373,
    0.9623517394065857,
    0.9654461145401001,
    0.972666323184967,
    0.9778236150741577,
    0.9767921566963196,
    0.9819494485855103,
    0.9819494485855103,
    0.9819494485855103,
    0.9819494485855103,
    0.9860752820968628,
    0.9778236150741577,
    0.9840123653411865,
    0.9824652075767517,
    0.9886539578437805,
    0.9881381988525391,
    0.9886539578437805
  ],
  "loss": [
    0.6707514524459839,
    0.29065632820129395,
    0.18550127744674683,
    0.13040582835674286,
    0.12130804359912872,
    0.11967581510543823,
    0.1033569797873497,
    0.08416302502155304,
    0.08038054406642914,
    0.059770192950963974,
    0.06214477866888046,
    0.06759259104728699,
    0.06109471619129181,
    0.04934582859277725,
    0.07105139642953873,
    0.05149122700095177,
    0.05658038333058357,
    0.03918756917119026,
    0.04675732180476189,
    0.04254554212093353
  ],
  "precision": [
    0.8197425007820129,
    0.9329039454460144,
    0.9588390588760376,
    0.9706652760505676,
    0.9687337279319763,
    0.9717868566513062,
    0.9766476154327393,
    0.9797613024711609,
    0.9802494645118713,
    0.984480082988739,
    0.9849740862846375,
    0.9839710593223572,
    0.9839461445808411,
    0.988095223903656,
    0.979803204536438,
    0.9860248565673828,
    0.9824380278587341,
    0.9906976819038391,
    0.9886481165885925,
    0.9886422157287598
  ],
  "recall": [
    0.6895306706428528,
    0.8963383436203003,
    0.937080979347229,
    0.9556472301483154,
    0.9587416052818298,
    0.9592573642730713,
    0.9706034064292908,
    0.9736977815628052,
    0.972666323184967,
    0.9814337491989136,
    0.9804022908210754,
    0.9814337491989136,
    0.979886531829834,
    0.984528124332428,
    0.9757606983184814,
    0.9824652075767517,
    0.9809179902076721,
    0.9886539578437805,
    0.9881381988525391,
    0.9876224994659424
  ],
  "val_accuracy": [
    0.6342592835426331,
    0.5138888955116272,
    0.7777777910232544,
    0.8981481194496155,
    0.9398148059844971,
    0.9814814925193787,
    0.9814814925193787,
    0.9953703880310059,
    1.0,
    1.0,
    1.0,
    1.0,
    1.0,
    1.0,
    1.0,
    1.0,
    1.0,
    1.0,
    1.0,
    1.0
  ],
  "val_loss": [
    1.1886720657348633,
    1.0044646263122559,
    0.7259349226951599,
    0.43922507762908936,
    0.22455419600009918,
    0.10054650902748108,
    0.03917061910033226,
    0.014426727779209614,
    0.00575079582631588,
    0.005994046106934547,
    0.002957455348223448,
    0.0015697031049057841,
    0.0012596213491633534,
    0.001389297074638307,
    0.000611390802077949,
    0.0007635207148268819,
    0.0008187357452698052,
    0.0004341584863141179,
    0.000453534274129197,
    0.0007918169139884412
  ],
  "val_precision": [
    0.0,
    0.9555555582046509,
    0.956204354763031,
    0.9587628841400146,
    0.9757281541824341,
    0.9952152967453003,
    0.9860464930534363,
    1.0,
    1.0,
    1.0,
    1.0,
    1.0,
    1.0,
    1.0,
    1.0,
    1.0,
    1.0,
    1.0,
    1.0,
    1.0
  ],
  "val_recall": [
    0.0,
    0.19907407462596893,
    0.6064814925193787,
    0.8611111044883728,
    0.9305555820465088,
    0.9629629850387573,
    0.9814814925193787,
    0.9953703880310059,
    1.0,
    1.0,
    1.0,
    1.0,
    1.0,
    1.0,
    1.0,
    1.0,
    1.0,
    1.0,
    1.0,
    1.0
  ],
  "learning_rate": [
    0.0010000000474974513,
    0.0010000000474974513,
    0.0010000000474974513,
    0.0010000000474974513,
    0.0010000000474974513,
    0.0010000000474974513,
    0.0010000000474974513,
    0.0010000000474974513,
    0.0010000000474974513,
    0.0010000000474974513,
    0.0010000000474974513,
    0.0010000000474974513,
    0.0010000000474974513,
    0.0010000000474974513,
    0.0010000000474974513,
    0.0010000000474974513,
    0.0010000000474974513,
    0.0010000000474974513,
    0.0010000000474974513,
    0.0010000000474974513
  ]
}