{
  "accuracy": [
    0.7735946178436279,
    0.9087158441543579,
    0.9293450117111206,
    0.9293450117111206,
    0.9267663955688477,
    0.9339866042137146,
    0.9262506365776062,
    0.9345023036003113,
    0.9339866042137146,
    0.9339866042137146,
    0.937080979347229,
    0.9412068128585815,
    0.9247034788131714,
    0.9329551458358765,
    0.9401753544807434,
    0.9417225122451782,
    0.9479113221168518,
    0.9427539706230164,
    0.9375966787338257,
    0.9422382712364197
  ],
  "loss": [
    0.6495885252952576,
    0.32611772418022156,
    0.2683296501636505,
    0.26088953018188477,
    0.2679211497306824,
    0.23351506888866425,
    0.2653651833534241,
    0.24162694811820984,
    0.25343233346939087,
    0.2564019560813904,
    0.23615793883800507,
    0.22063308954238892,
    0.26231643557548523,
    0.2664763927459717,
    0.23240306973457336,
    0.25100743770599365,
    0.21588295698165894,
    0.20287559926509857,
    0.22242170572280884,
    0.24236610531806946
  ],
  "precision": [
    0.8464831709861755,
    0.9185616374015808,
    0.9358232617378235,
    0.9370409250259399,
    0.935160756111145,
    0.9403765797615051,
    0.9339276552200317,
    0.9448819160461426,
    0.9435951709747314,
    0.9455314874649048,
    0.9431877732276917,
    0.9466806054115295,
    0.935044527053833,
    0.9398220777511597,
    0.9456918835639954,
    0.9486373066902161,
    0.9555206894874573,
    0.9461296796798706,
    0.9437206983566284,
    0.9479438066482544
  ],
  "recall": [
    0.7137699723243713,
    0.8958225846290588,
    0.9174832105636597,
    0.9210933446884155,
    0.9149045944213867,
    0.9272820949554443,
    0.9185146689414978,
    0.9283135533332825,
    0.9231562614440918,
    0.9221248030662537,
    0.9247034788131714,
    0.9339866042137146,
    0.9205776453018188,
    0.9262506365776062,
    0.9339866042137146,
    0.9334708452224731,
    0.9417225122451782,
    0.9329551458358765,
    0.9339866042137146,
    0.9391438961029053
  ],
  "val_accuracy": [
    0.9259259104728699,
    0.9351851940155029,
    0.9351851940155029,
    0.9259259104728699,
    0.9398148059844971,
    0.9351851940155029,
    0.9398148059844971,
    0.9398148059844971,
    0.9305555820465088,
    0.9537037014961243,
    0.9351851940155029,
    0.9629629850387573,
    0.9305555820465088,
    0.9351851940155029,
    0.9305555820465088,
    0.9398148059844971,
    0.9398148059844971,
    0.9398148059844971,
    0.9537037014961243,
    0.9398148059844971
  ],
  "val_loss": [
    0.9028259515762329,
    0.747116208076477,
    0.533592939376831,
    0.3852953016757965,
    0.27360019087791443,
    0.21528971195220947,
    0.17162273824214935,
    0.1639481484889984,
    0.18299749493598938,
    0.1569894552230835,
    0.15220530331134796,
    0.1518436074256897,
    0.17547045648097992,
    0.1521945744752884,
    0.18003852665424347,
    0.1549348086118698,
    0.16914843022823334,
    0.1489078402519226,
    0.16190482676029205,
    0.17366133630275726
  ],
  "val_precision": [
    1.0,
    1.0,
    0.9759036302566528,
    0.9601989984512329,
    0.9431279897689819,
    0.9392523169517517,
    0.9395349025726318,
    0.9439252614974976,
    0.9305555820465088,
    0.9534883499145508,
    0.9351851940155029,
    0.9629629850387573,
    0.9305555820465088,
    0.934883713722229,
    0.934883713722229,
    0.9398148059844971,
    0.9441860318183899,
    0.9398148059844971,
    0.9537037014961243,
    0.9398148059844971
  ],
  "val_recall": [
    0.1527777761220932,
    0.41203704476356506,
    0.75,
    0.8935185074806213,
    0.9212962985038757,
    0.9305555820465088,
    0.9351851940155029,
    0.9351851940155029,
    0.9305555820465088,
    0.9490740895271301,
    0.9351851940155029,
    0.9629629850387573,
    0.9305555820465088,
    0.9305555820465088,
    0.9305555820465088,
    0.9398148059844971,
    0.9398148059844971,
    0.9398148059844971,
    0.9537037014961243,
    0.9398148059844971
  ],
  "learning_rate": [
    0.0010000000474974513,
    0.0010000000474974513,
    0.0010000000474974513,
    0.0010000000474974513,
    0.0010000000474974513,
    0.0010000000474974513,
    0.0010000000474974513,
    0.0010000000474974513,
    0.0010000000474974513,
    0.0010000000474974513,
    0.0010000000474974513,
    0.0010000000474974513,
    0.0010000000474974513,
    0.0010000000474974513,
    0.0010000000474974513,
    0.0010000000474974513,
    0.0010000000474974513,
    0.0010000000474974513,
    0.0010000000474974513,
    0.0010000000474974513
  ]
}